order_year,order_month,monthly_revenue
2025,5,12584457.379999992
2025,6,11862311.019999998
2025,10,11955318.259999994
2026,2,11192394.63
2025,9,11906303.500000002
2025,7,12234169.489999998
2025,8,12063658.680000015
2026,3,11845987.55999999
2025,3,807912.1400000001
2025,12,12213217.829999987
2025,4,11795127.159999989
2025,11,11988853.319999993
2026,1,12381559.129999999
