category,revenue
Electronics,39549000.89000018
Sports,37989350.80999987
Clothing,35424088.80999984
Home,31868829.58999985
